,rank,country_full,confederation,total_points,nota_ranking,titulos,nota_titulos,pontos_campanha,nota_campanha,nota_aproveitamento,nota_gols_marcados,nota_gols_sofridos,pontuacao_final
1,1.0,Argentina,CONMEBOL,1860.14,100.0,3.0,60.0,2.0,57.14285714285714,100.0,79.43404634581105,100.0,88.65823784059079
2,2.0,France,UEFA,1837.47,99.05660377358491,2.0,40.0,3.5,100.0,85.31073446327684,79.94652406417111,57.846715328467155,86.50005032500084
3,5.0,England,UEFA,1787.88,96.22641509433963,1.0,20.0,0.5,14.285714285714285,89.0517636280348,81.77482295129353,83.67034918129809,76.3994472700064
4,12.0,Morocco,CAF,1669.44,89.62264150943396,0.0,0.0,0.5,14.285714285714285,96.49191959006701,74.2258425568959,97.89085044983875,76.0631230001848
5,17.0,Japan,AFC,1628.81,84.90566037735849,0.0,0.0,0.0,0.0,90.78850405305822,100.0,78.28467153284672,74.35800650896661
6,9.0,Croatia,UEFA,1728.3,92.45283018867924,0.0,0.0,2.5,71.42857142857143,74.9636803874092,63.781512605042025,48.941605839416056,72.81756987090552
7,8.0,Spain,UEFA,1729.92,93.39622641509435,1.0,20.0,0.0,0.0,89.7144183886696,85.92777085927771,66.52584741525848,72.78086882651095
8,6.0,Portugal,UEFA,1747.04,95.28301886792453,0.0,0.0,0.0,0.0,86.51229410360469,87.82857573246969,64.46746170453378,72.23207287822417
9,3.0,Belgium,UEFA,1797.98,98.11320754716981,0.0,0.0,1.0,28.57142857142857,76.57028913260218,78.68040264234035,55.74280807213397,71.99491683360817
10,4.0,Brazil,CONMEBOL,1791.85,97.16981132075472,5.0,100.0,0.0,0.0,80.74879838097647,71.04317982281107,65.47281838980281,69.98645443920014
11,7.0,Netherlands,UEFA,1746.66,94.33962264150944,0.0,0.0,0.0,0.0,83.09927360774819,90.13750954927427,45.00000000000001,69.60501116107693
12,16.0,Germany,UEFA,1646.78,85.84905660377359,4.0,80.0,0.0,0.0,77.81871775976418,87.70053475935828,36.9644557283402,66.24866442526324
13,18.0,Senegal,CAF,1623.34,83.9622641509434,0.0,0.0,0.0,0.0,86.31665977676727,66.14712403808531,74.54602100765534,65.7961697710968
14,44.0,Algeria,CAF,1474.13,59.43396226415094,0.0,0.0,0.0,0.0,90.78131459280695,82.79640015651493,71.18123553498309,63.327715190251865
15,12.0,Colombia,CONMEBOL,1669.44,89.62264150943396,0.0,0.0,0.0,0.0,76.05011053795137,60.962566844919785,64.95556966042525,62.65921228244101
16,23.0,Australia,AFC,1571.29,79.24528301886792,0.0,0.0,0.0,0.0,80.04373974849645,65.46489563567363,71.3621379797504,62.436791674813186
17,15.0,Mexico,CONCACAF,1652.33,86.79245283018868,0.0,0.0,0.0,0.0,73.45729800888596,53.37729089870723,61.91446389341648,59.399764315544395
18,25.0,Austria,UEFA,1560.03,77.35849056603774,0.0,0.0,0.0,0.0,73.72881355932203,69.76102941176471,41.87956204379562,58.196446064986425
19,14.0,Uruguay,CONMEBOL,1663.44,87.73584905660378,2.0,40.0,0.0,0.0,66.1775866430559,47.36211988187405,69.59091404292407,58.126367153144784
20,46.0,Norway,UEFA,1466.48,57.54716981132076,0.0,0.0,0.0,0.0,79.2149866190901,83.50689558119898,50.85478294275836,57.92048978053567
21,36.0,Egypt,CAF,1502.34,66.98113207547169,0.0,0.0,0.0,0.0,79.79139504563234,56.766762649115584,75.92644581695677,57.77666548376057
22,19.0,Switzerland,UEFA,1617.24,83.01886792452831,0.0,0.0,0.0,0.0,69.32442110288851,68.08013858552384,33.37873959082964,57.393345502561395
23,28.0,Sweden,UEFA,1522.19,74.52830188679245,0.0,0.0,0.0,0.0,71.1864406779661,66.8783422459893,21.760948905109483,54.18287942541395
24,48.0,Canada,CONCACAF,1461.74,55.660377358490564,0.0,0.0,0.0,0.0,73.11735679038833,68.6590401407974,59.26961101358219,53.69758378181112
25,41.0,Tunisia,CAF,1494.06,62.264150943396224,0.0,0.0,0.0,0.0,73.82297551789078,51.47553971083383,68.06569343065694,53.10697167460105
26,42.0,Turkey,UEFA,1493.38,61.32075471698113,0.0,0.0,0.0,0.0,75.19260400616332,71.56052503646086,11.396814863968135,51.55846730887636
27,30.0,Ecuador,CONMEBOL,1517.54,72.64150943396226,0.0,0.0,0.0,0.0,63.022201002625934,38.97717857949838,69.64891539015112,50.75930706276734
28,62.0,Uzbekistan,AFC,1397.41,42.45283018867924,0.0,0.0,0.0,0.0,76.76325861126298,61.89408314645506,62.46173769719802,50.04570178888258
29,43.0,Panama,CONCACAF,1482.1,60.37735849056604,0.0,0.0,0.0,0.0,67.94561370832558,60.821531409766706,25.393037619314985,48.671356400502326
30,39.0,Scotland,UEFA,1497.18,64.15094339622641,0.0,0.0,0.0,0.0,64.56820016142049,56.811815635345056,22.810218978102192,47.75187178382969
31,59.0,South Africa,CAF,1416.66,45.28301886792453,0.0,0.0,0.0,0.0,71.72167707404104,50.007036307345906,64.56972723780254,47.332431118839736
32,55.0,Iraq,AFC,1433.07,49.056603773584904,0.0,0.0,0.0,0.0,68.67708562623818,46.96159455517744,48.822163238221634,45.375860516547505
33,35.0,Qatar,AFC,1504.06,67.9245283018868,0.0,0.0,0.0,0.0,60.78316773816481,51.3184584178499,9.570853259501638,45.36402326295243
34,86.0,Haiti,CONCACAF,1274.46,19.81132075471698,0.0,0.0,0.0,0.0,70.40417209908735,85.85972850678733,26.403705783267817,43.46645762922054
35,56.0,Saudi Arabia,AFC,1431.3,48.113207547169814,0.0,0.0,0.0,0.0,62.15958864978099,43.117226461575434,55.89477569097022,43.36498194809102
36,68.0,Jordan,AFC,1374.13,36.79245283018868,0.0,0.0,0.0,0.0,65.48160396858206,58.947437067953565,26.317429232686486,41.38040963284164
37,64.0,Ghana,CAF,1381.25,40.56603773584906,0.0,0.0,0.0,0.0,54.23728813559322,44.51235039470333,30.10948905109489,36.96794408798364
38,58.0,Paraguay,CONMEBOL,1427.11,46.22641509433962,0.0,0.0,0.0,0.0,47.457627118644076,32.593582887700535,27.700729927007306,34.108904696559996
39,107.0,New Zealand,OFC,1197.68,0.0,0.0,0.0,0.0,0.0,60.16949152542374,68.41577540106952,45.71167883211679,33.89839076003576
40,75.0,Bosnia and Herzegovina,UEFA,1332.3,30.18867924528302,0.0,0.0,0.0,0.0,45.0363196125908,39.533995416348354,0.0,27.767185578769695
41,11.0,USA,CONCACAF,1676.52,90.56603773584906,0.0,0.0,0.0,0.0,0.0,0.0,0.0,24.45283018867925
42,20.0,IR Iran,AFC,1611.16,82.0754716981132,0.0,0.0,0.0,0.0,0.0,0.0,0.0,22.160377358490567
43,22.0,Korea Republic,AFC,1572.87,80.18867924528303,0.0,0.0,0.0,0.0,0.0,0.0,0.0,21.650943396226417
44,34.0,Czechia,UEFA,1506.23,68.86792452830188,0.0,0.0,0.0,0.0,0.0,0.0,0.0,18.59433962264151
45,37.0,Côte d'Ivoire,CAF,1499.69,66.0377358490566,0.0,0.0,0.0,0.0,0.0,0.0,0.0,17.830188679245285
46,61.0,Congo DR,CAF,1400.93,43.39622641509434,0.0,0.0,0.0,0.0,0.0,0.0,0.0,11.716981132075473
47,65.0,Cabo Verde,CAF,1380.53,39.62264150943396,0.0,0.0,0.0,0.0,0.0,0.0,0.0,10.69811320754717
48,87.0,Curacao,CONCACAF,1272.71,18.867924528301888,0.0,0.0,0.0,0.0,0.0,0.0,0.0,5.09433962264151
